FCID,Lane,SampleID,SampleRef,Index,Descriptor,Recipe,Operator
AH9D56ADXX,1,CRS_257,16SrRNA,TAGACACCGTGT,NA,NA,TK
AH9D56ADXX,1,CRS_315,16SrRNA,GAGCATTACATG,NA,NA,TK
AH9D56ADXX,1,CRS_227,16SrRNA,TGCTGCTCAACG,NA,NA,TK
AH9D56ADXX,1,CRS_288,16SrRNA,GGCTGATGTCAT,NA,NA,TK
AH9D56ADXX,1,CRS_223,16SrRNA,TGGACTCAGCTA,NA,NA,TK
AH9D56ADXX,1,CRS_281,16SrRNA,GGTCAATATTGG,NA,NA,TK
AH9D56ADXX,1,CRS_273,16SrRNA,GTCGTGTAGCCT,NA,NA,TK
AH9D56ADXX,1,CRS_219,16SrRNA,TGTCAAAGTGAC,NA,NA,TK
AH9D56ADXX,1,CRS_319,16SrRNA,GACACCACAATA,NA,NA,TK
AH9D56ADXX,1,CRS_230,16SrRNA,TGAGTGGTCTGT,NA,NA,TK
AH9D56ADXX,1,CRS_234,16SrRNA,TCTAGCCTGGCA,NA,NA,TK
AH9D56ADXX,1,TEV_011,16SrRNA,CCATTAGTTCCT,NA,NA,TK
AH9D56ADXX,1,CRS_303,16SrRNA,GCGCAATAGTAT,NA,NA,TK
AH9D56ADXX,1,CRS_242,16SrRNA,TCCGTTCGTTTA,NA,NA,TK
AH9D56ADXX,1,TEV_027,16SrRNA,AATACGTCAAGC,NA,NA,TK
AH9D56ADXX,1,CRS_277,16SrRNA,GTATCTGCGCGT,NA,NA,TK
AH9D56ADXX,1,TEV_020,16SrRNA,AGGAACCAGACG,NA,NA,TK
AH9D56ADXX,1,TEV_025,16SrRNA,ACCGATTAGGTA,NA,NA,TK
AH9D56ADXX,1,CRS_215,16SrRNA,TTATCGGGCATG,NA,NA,TK
AH9D56ADXX,1,TEV_012,16SrRNA,CATCCCTCTACT,NA,NA,TK
AH9D56ADXX,1,TEV_021,16SrRNA,AGCTCTAGAAAC,NA,NA,TK
AH9D56ADXX,1,TEV_001,16SrRNA,CTTAGTGCAGAA,NA,NA,TK
AH9D56ADXX,1,TEV_024,16SrRNA,ACGCGAACTAAT,NA,NA,TK
AH9D56ADXX,1,TEV_009,16SrRNA,CCGCGATTTCGA,NA,NA,TK
AH9D56ADXX,1,TEV_003,16SrRNA,CTCGTTTCAGTT,NA,NA,TK
AH9D56ADXX,1,CRS_253,16SrRNA,TATCACCGGCAC,NA,NA,TK
AH9D56ADXX,1,TEV_017,16SrRNA,ATGCAACTCGAA,NA,NA,TK
AH9D56ADXX,1,TEV_005,16SrRNA,CGTCACTCCAAG,NA,NA,TK
AH9D56ADXX,1,CRS_265,16SrRNA,GTTAGGGAGCGA,NA,NA,TK
AH9D56ADXX,1,TEV_015,16SrRNA,CAAGTGAAGGGA,NA,NA,TK
AH9D56ADXX,1,TEV_028,16SrRNA,AAGCCATTGAAC,NA,NA,TK
AH9D56ADXX,1,CRS_211,16SrRNA,TTCGTACTTCGT,NA,NA,TK
AH9D56ADXX,1,TEV_006,16SrRNA,CGCTCTTAACGG,NA,NA,TK
AH9D56ADXX,1,TEV_007,16SrRNA,CGAGGTTCTGAT,NA,NA,TK
AH9D56ADXX,1,TEV_026,16SrRNA,ACATTGAAGCGT,NA,NA,TK
AH9D56ADXX,1,TEV_029,16SrRNA,AACTGCGATATG,NA,NA,TK
AH9D56ADXX,1,TEV_002,16SrRNA,CTGCAAGCCTGT,NA,NA,TK
AH9D56ADXX,1,TEV_004,16SrRNA,CTATCCAAGTGG,NA,NA,TK
AH9D56ADXX,1,TEV_023,16SrRNA,ACTATCAGTGGC,NA,NA,TK
AH9D56ADXX,1,TEV_019,16SrRNA,AGTTCCACGGCT,NA,NA,TK
AH9D56ADXX,1,TEV_013,16SrRNA,CAGAATCGCTCA,NA,NA,TK
AH9D56ADXX,1,TEV_030,16SrRNA,CCACACGTTTGG,NA,NA,TK
AH9D56ADXX,1,CRS_285,16SrRNA,TAGCGCGAACTT,NA,NA,TK
AH9D56ADXX,1,TEV_010,16SrRNA,CAGAGCTAATTG,NA,NA,TK
AH9D56ADXX,2,MI_109,16SrRNA,ACTGTACATGAG,NA,NA,TK
AH9D56ADXX,2,MI_119,16SrRNA,CGTCACTCCAAG,NA,NA,TK
AH9D56ADXX,2,MI_087,16SrRNA,AGAGGGTGATCG,NA,NA,TK
AH9D56ADXX,2,MI_149,16SrRNA,CTCGTTTCAGTT,NA,NA,TK
AH9D56ADXX,2,MI_009,16SrRNA,ATGCAACTCGAA,NA,NA,TK
AH9D56ADXX,2,MI_053,16SrRNA,CACTGAGTACGT,NA,NA,TK
AH9D56ADXX,2,MI_153,16SrRNA,CCTATGCACGGT,NA,NA,TK
AH9D56ADXX,2,MI_106,16SrRNA,CGCATTTGGATG,NA,NA,TK
AH9D56ADXX,2,MI_023,16SrRNA,ATCGTGTGTTGG,NA,NA,TK
AH9D56ADXX,2,MI_143,16SrRNA,CGCTCTTAACGG,NA,NA,TK
AH9D56ADXX,2,MI_117,16SrRNA,TGATGAACCCGT,NA,NA,TK
AH9D56ADXX,2,MI_024,16SrRNA,ATAAGGTCGCCT,NA,NA,TK
AH9D56ADXX,2,MI_098,16SrRNA,GCCTTACGATAG,NA,NA,TK
AH9D56ADXX,2,MI_048,16SrRNA,CGTAGCCAACAT,NA,NA,TK
AH9D56ADXX,2,MI_178,16SrRNA,GAAGTCCACACT,NA,NA,TK
AH9D56ADXX,2,MI_027,16SrRNA,CATCCCTCTACT,NA,NA,TK
AH9D56ADXX,2,MI_151,16SrRNA,GAGCATTACATG,NA,NA,TK
AH9D56ADXX,2,MI_074,16SrRNA,GTTAGGGAGCGA,NA,NA,TK
AH9D56ADXX,2,MI_049,16SrRNA,ATTCCCAGAACG,NA,NA,TK
AH9D56ADXX,2,MI_075,16SrRNA,TATCACCGGCAC,NA,NA,TK
AH9D56ADXX,2,MI_026,16SrRNA,TCCGTTCGTTTA,NA,NA,TK
AH9D56ADXX,2,MI_155,16SrRNA,ACGCGAACTAAT,NA,NA,TK
AH9D56ADXX,2,MI_199,16SrRNA,CTATCCAAGTGG,NA,NA,TK
AH9D56ADXX,2,MI_085,16SrRNA,GTGCATTCGCCA,NA,NA,TK
AH9D56ADXX,2,MI_088,16SrRNA,ACTATCAGTGGC,NA,NA,TK
AH9D56ADXX,2,MI_101,16SrRNA,GCACAAGGCAAG,NA,NA,TK
AH9D56ADXX,2,MI_118,16SrRNA,TTATCGGGCATG,NA,NA,TK
AH9D56ADXX,2,MI_147,16SrRNA,AGGAACCAGACG,NA,NA,TK
AH9D56ADXX,2,MI_218,16SrRNA,GACACCACAATA,NA,NA,TK
AH9D56ADXX,2,MI_091,16SrRNA,TCTAGCCTGGCA,NA,NA,TK
AH9D56ADXX,2,MI_110,16SrRNA,ACCGATTAGGTA,NA,NA,TK
AH9D56ADXX,2,MI_096,16SrRNA,TAACTAGGACGT,NA,NA,TK
AH9D56ADXX,2,MI_082,16SrRNA,TGTCAAAGTGAC,NA,NA,TK
AH9D56ADXX,2,MI_201,16SrRNA,AAGCCATTGAAC,NA,NA,TK
AH9D56ADXX,2,MI_090,16SrRNA,AGCTCTAGAAAC,NA,NA,TK
AH9D56ADXX,2,MI_197,16SrRNA,TCCATCGACGTG,NA,NA,TK
AH9D56ADXX,2,MI_133,16SrRNA,TGAGTGGTCTGT,NA,NA,TK
AH9D56ADXX,2,MI_080,16SrRNA,ACATTGAAGCGT,NA,NA,TK
AH9D56ADXX,2,MI_182,16SrRNA,CCATTAGTTCCT,NA,NA,TK
AH9D56ADXX,2,MI_081,16SrRNA,AATACGTCAAGC,NA,NA,TK
AH9D56ADXX,2,MI_010,16SrRNA,CAAGTGAAGGGA,NA,NA,TK
AH9D56ADXX,2,MI_142,16SrRNA,GCTAGTTATGGA,NA,NA,TK
AH9D56ADXX,2,MI_193,16SrRNA,TGGACTCAGCTA,NA,NA,TK
AH9D56ADXX,2,MI_040,16SrRNA,AACTGCGATATG,NA,NA,TK
AH9D56ADXX,2,MI_165,16SrRNA,TCGCATGGATAC,NA,NA,TK
AH9D56ADXX,2,MI_108,16SrRNA,TTGCAAGTACCG,NA,NA,TK
AH9D56ADXX,2,MI_140,16SrRNA,TAGACACCGTGT,NA,NA,TK
AH9D56ADXX,2,MI_018,16SrRNA,GCAGTTGCCTCA,NA,NA,TK
AH9D56ADXX,2,MI_188,16SrRNA,CCACACGTTTGG,NA,NA,TK
AH9D56ADXX,2,MI_160,16SrRNA,TAGTGTCGGATC,NA,NA,TK
AH9D56ADXX,2,MI_162,16SrRNA,TAACCACCAACG,NA,NA,TK
AH9D56ADXX,2,MI_148,16SrRNA,CTTAGTGCAGAA,NA,NA,TK
AH9D56ADXX,2,MI_177,16SrRNA,TGGCCTAGTCAA,NA,NA,TK
AH9D56ADXX,2,MI_060,16SrRNA,TTCGTACTTCGT,NA,NA,TK
AH9D56ADXX,2,MI_103,16SrRNA,GAATACCAAGTC,NA,NA,TK
AH9D56ADXX,2,MI_007,16SrRNA,GCGCAATAGTAT,NA,NA,TK
AH9D56ADXX,2,MI_073,16SrRNA,TACTGCCAGTGA,NA,NA,TK
AH9D56ADXX,2,MI_078,16SrRNA,AGTTCCACGGCT,NA,NA,TK
AH9D56ADXX,2,MI_213,16SrRNA,GTCGTGTAGCCT,NA,NA,TK
AH9D56ADXX,2,MI_032,16SrRNA,GGAGTTGAGGTG,NA,NA,TK
AH9D56ADXX,2,MI_057,16SrRNA,TGCTGCTCAACG,NA,NA,TK
AH9D56ADXX,2,MI_052,16SrRNA,CAGAATCGCTCA,NA,NA,TK
AH9D56ADXX,2,MI_123,16SrRNA,CCGCGATTTCGA,NA,NA,TK
AH9D56ADXX,2,MI_104,16SrRNA,GCCACGACTTAC,NA,NA,TK
AH9D56ADXX,2,MI_097,16SrRNA,GTATCTGCGCGT,NA,NA,TK
AH9D56ADXX,2,MI_129,16SrRNA,CGAGGTTCTGAT,NA,NA,TK
AH9D56ADXX,2,MI_116,16SrRNA,GTGAGGGCAAGT,NA,NA,TK
AH9D56ADXX,2,MI_036,16SrRNA,CAGAGCTAATTG,NA,NA,TK
AH9D56ADXX,2,MI_126,16SrRNA,CTGCAAGCCTGT,NA,NA,TK
AH9D56ADXX,2,MI_208,16SrRNA,ATGGACCTAGCT,NA,NA,TK
AH9D56ADXX,2,MI_046,16SrRNA,TCATCACGGGCT,NA,NA,TK
AH9D56ADXX,2,MI_028,16SrRNA,TAGCGCGAACTT,NA,NA,TK
AH9D56ADXX,2,MI_214,16SrRNA,GCTGTGATTCGA,NA,NA,TK
AH9D56ADXX,2,MI_204,16SrRNA,GATTCGAGTGTC,NA,NA,TK
AH9D56ADXX,2,MI_005,16SrRNA,GGCTGATGTCAT,NA,NA,TK
AH9D56ADXX,2,MI_016,16SrRNA,GGTCAATATTGG,NA,NA,TK
